{
  "files": [
    {
      "filepath": "C:/projects/hellscript/codex version/src/framework/runtime.bench.ts",
      "groups": [
        {
          "fullName": "src/framework/runtime.bench.ts > runtime benchmarks",
          "benchmarks": [
            {
              "id": "-1903672497_0_0",
              "name": "counter mount",
              "rank": 2,
              "rme": 1.1531730613971498,
              "samples": [],
              "totalTime": 800.0148999999967,
              "min": 0.020299999999906504,
              "max": 2.748499999999922,
              "hz": 39873.00736523799,
              "period": 0.0250796231856797,
              "mean": 0.0250796231856797,
              "variance": 0.0006945378479864151,
              "sd": 0.02635408598275446,
              "sem": 0.0001475568665699857,
              "df": 31898,
              "critical": 1.96,
              "moe": 0.000289211458477172,
              "p75": 0.02229999999985921,
              "p99": 0.08859999999981483,
              "p995": 0.16639999999983957,
              "p999": 0.3364999999998872,
              "sampleCount": 31899,
              "median": 0.021500000000060027
            },
            {
              "id": "-1903672497_0_1",
              "name": "counter update",
              "rank": 4,
              "rme": 6.159671708967692,
              "samples": [],
              "totalTime": 800.009199999974,
              "min": 0.021199999999680585,
              "max": 4.731900000000223,
              "hz": 26599.694103518676,
              "period": 0.03759441729323186,
              "mean": 0.03759441729323186,
              "variance": 0.029704437235620985,
              "sd": 0.1723497526416008,
              "sem": 0.0011814758602869697,
              "df": 21279,
              "critical": 1.96,
              "moe": 0.0023156926861624605,
              "p75": 0.025200000000040745,
              "p99": 0.11769999999978609,
              "p995": 0.23640000000023065,
              "p999": 3.0178000000000793,
              "sampleCount": 21280,
              "median": 0.02260000000023865
            },
            {
              "id": "-1903672497_0_2",
              "name": "naive counter mount",
              "rank": 1,
              "rme": 0.9761274396885974,
              "samples": [],
              "totalTime": 800.0108999999488,
              "min": 0.016300000000228465,
              "max": 0.9157000000000153,
              "hz": 46294.36923922208,
              "period": 0.021600899125174124,
              "mean": 0.021600899125174124,
              "variance": 0.00042861625057537907,
              "sd": 0.020703049306210402,
              "sem": 0.00010757770590830551,
              "df": 37035,
              "critical": 1.96,
              "moe": 0.00021085230358027881,
              "p75": 0.01929999999993015,
              "p99": 0.07769999999982247,
              "p995": 0.13169999999990978,
              "p999": 0.3351999999999862,
              "sampleCount": 37036,
              "median": 0.01749999999992724
            },
            {
              "id": "-1903672497_0_3",
              "name": "naive counter update",
              "rank": 5,
              "rme": 1.2941110598926289,
              "samples": [],
              "totalTime": 800.0050000000219,
              "min": 0.030200000000149885,
              "max": 1.2676999999994223,
              "hz": 22797.357516514898,
              "period": 0.04386473297510812,
              "mean": 0.04386473297510812,
              "variance": 0.0015298158148957072,
              "sd": 0.03911285996824711,
              "sem": 0.00028962161266492,
              "df": 18237,
              "critical": 1.96,
              "moe": 0.0005676583608232432,
              "p75": 0.04389999999966676,
              "p99": 0.1893000000000029,
              "p995": 0.30379999999968277,
              "p999": 0.5127000000002226,
              "sampleCount": 18238,
              "median": 0.03440000000000509
            },
            {
              "id": "-1903672497_0_4",
              "name": "vue counter update",
              "rank": 6,
              "rme": 8.538392347093476,
              "samples": [],
              "totalTime": 800.0045000000719,
              "min": 0.03459999999995489,
              "max": 11.253999999999905,
              "hz": 12671.178724618536,
              "period": 0.07891925619020143,
              "mean": 0.07891925619020143,
              "variance": 0.1198161843252938,
              "sd": 0.34614474476047413,
              "sem": 0.0034379774137383943,
              "df": 10136,
              "critical": 1.96,
              "moe": 0.006738435730927253,
              "p75": 0.055899999999383,
              "p99": 0.33320000000003347,
              "p995": 2.8190999999997075,
              "p999": 5.07969999999932,
              "sampleCount": 10137,
              "median": 0.042000000000371074
            },
            {
              "id": "-1903672497_0_5",
              "name": "react counter update",
              "rank": 7,
              "rme": 2.796944095522378,
              "samples": [],
              "totalTime": 800.0980000000036,
              "min": 0.06880000000001019,
              "max": 2.2937000000001717,
              "hz": 9056.39059215242,
              "period": 0.1104192658018222,
              "mean": 0.1104192658018222,
              "variance": 0.017990509751622495,
              "sd": 0.13412870591943582,
              "sem": 0.0015756964975322581,
              "df": 7245,
              "critical": 1.96,
              "moe": 0.0030883651351632257,
              "p75": 0.09590000000025611,
              "p99": 0.9611000000004424,
              "p995": 1.1691000000000713,
              "p999": 1.4735000000000582,
              "sampleCount": 7246,
              "median": 0.07440000000042346
            },
            {
              "id": "-1903672497_0_6",
              "name": "counter hydrate",
              "rank": 3,
              "rme": 2.1961051883862717,
              "samples": [],
              "totalTime": 800.0227999999506,
              "min": 0.020599999999831198,
              "max": 1.897899999999936,
              "hz": 36828.95037491659,
              "period": 0.027152552267171823,
              "mean": 0.027152552267171823,
              "variance": 0.0027271382570705745,
              "sd": 0.05222200931667197,
              "sem": 0.0003042339842442116,
              "df": 29463,
              "critical": 1.96,
              "moe": 0.0005962986091186547,
              "p75": 0.023200000000542786,
              "p99": 0.08489999999983411,
              "p995": 0.172099999999773,
              "p999": 1.0536000000001877,
              "sampleCount": 29464,
              "median": 0.021999999999934516
            },
            {
              "id": "-1903672497_0_7",
              "name": "table update",
              "rank": 17,
              "rme": 12.799458308875536,
              "samples": [],
              "totalTime": 1523.351300000004,
              "min": 5.07339999999931,
              "max": 57.32220000000052,
              "hz": 64.3318451889592,
              "period": 15.544401020408204,
              "mean": 15.544401020408204,
              "variance": 98.46456714298884,
              "sd": 9.922931378528668,
              "sem": 1.002367438143771,
              "df": 97,
              "critical": 1.9849,
              "moe": 1.9895991279715712,
              "p75": 15.813499999998385,
              "p99": 57.32220000000052,
              "p995": 57.32220000000052,
              "p999": 57.32220000000052,
              "sampleCount": 98,
              "median": 12.763099999999213
            },
            {
              "id": "-1903672497_0_8",
              "name": "naive table update",
              "rank": 14,
              "rme": 5.532887254226421,
              "samples": [],