{
  "files": [
    {
      "filepath": "C:/projects/hellscript/codex version/src/framework/runtime.bench.ts",
      "groups": [
        {
          "fullName": "src/framework/runtime.bench.ts > runtime benchmarks",
          "benchmarks": [
            {
              "id": "-1903672497_0_0",
              "name": "counter mount",
              "rank": 2,
              "rme": 1.3445896442394518,
              "samples": [],
              "totalTime": 500.0150000000058,
              "min": 0.02060000000005857,
              "max": 0.768100000000004,
              "hz": 34506.96479105587,
              "period": 0.02897965689115601,
              "mean": 0.02897965689115601,
              "variance": 0.0006819360563130406,
              "sd": 0.02611390542054253,
              "sem": 0.00019880482933398388,
              "df": 17253,
              "critical": 1.96,
              "moe": 0.0003896574654946084,
              "p75": 0.027600000000120417,
              "p99": 0.11400000000003274,
              "p995": 0.1875,
              "p999": 0.40390000000002146,
              "sampleCount": 17254,
              "median": 0.02329999999994925
            },
            {
              "id": "-1903672497_0_1",
              "name": "counter update",
              "rank": 3,
              "rme": 7.5224537542494545,
              "samples": [],
              "totalTime": 500.0023999999862,
              "min": 0.021700000000009823,
              "max": 4.594900000000052,
              "hz": 26989.87044862259,
              "period": 0.03705093738421535,
              "mean": 0.03705093738421535,
              "variance": 0.02728840797136782,
              "sd": 0.165192033619566,
              "sem": 0.0014220100154303686,
              "df": 13494,
              "critical": 1.96,
              "moe": 0.0027871396302435224,
              "p75": 0.023899999999912325,
              "p99": 0.12059999999996762,
              "p995": 0.21810000000004948,
              "p999": 3.023300000000063,
              "sampleCount": 13495,
              "median": 0.022900000000163345
            },
            {
              "id": "-1903672497_0_2",
              "name": "naive counter mount",
              "rank": 1,
              "rme": 1.3472613199910057,
              "samples": [],
              "totalTime": 500.0032000000033,
              "min": 0.01680000000033033,
              "max": 0.9971000000000458,
              "hz": 38905.75100319333,
              "period": 0.02570314090371682,
              "mean": 0.02570314090371682,
              "variance": 0.0006072262265109955,
              "sd": 0.024641960687230135,
              "sem": 0.00017667779358089967,
              "df": 19452,
              "critical": 1.96,
              "moe": 0.00034628847541856334,
              "p75": 0.0261000000000422,
              "p99": 0.09439999999995052,
              "p995": 0.15990000000010696,
              "p999": 0.3700999999996384,
              "sampleCount": 19453,
              "median": 0.019800000000032014
            },
            {
              "id": "-1903672497_0_3",
              "name": "naive counter update",
              "rank": 5,
              "rme": 1.5103757492455108,
              "samples": [],
              "totalTime": 500.01920000001655,
              "min": 0.03110000000015134,
              "max": 0.9063000000001011,
              "hz": 22421.13902826057,
              "period": 0.04460076710373888,
              "mean": 0.04460076710373888,
              "variance": 0.0013243015105621322,
              "sd": 0.03639095369129713,
              "sem": 0.0003436934542409905,
              "df": 11210,
              "critical": 1.96,
              "moe": 0.0006736391703123413,
              "p75": 0.041600000000016735,
              "p99": 0.2023999999996704,
              "p995": 0.31500000000005457,
              "p999": 0.4254000000000815,
              "sampleCount": 11211,
              "median": 0.0340000000001055
            },
            {
              "id": "-1903672497_0_4",
              "name": "vue counter update",
              "rank": 6,
              "rme": 9.282488274175517,
              "samples": [],
              "totalTime": 501.12279999998873,
              "min": 0.03850000000011278,
              "max": 6.828700000000026,
              "hz": 8672.524977909801,
              "period": 0.11530667280257449,
              "mean": 0.11530667280257449,
              "variance": 0.12960306703947103,
              "sd": 0.360004259751841,
              "sem": 0.005460881827673932,
              "df": 4345,
              "critical": 1.96,
              "moe": 0.010703328382240907,
              "p75": 0.09029999999984284,
              "p99": 0.5132999999996173,
              "p995": 3.4697000000001026,
              "p999": 5.45010000000002,
              "sampleCount": 4346,
              "median": 0.0648999999998523
            },
            {
              "id": "-1903672497_0_5",
              "name": "react counter update",
              "rank": 7,
              "rme": 3.3793041802565824,
              "samples": [],
              "totalTime": 500.0336999999877,
              "min": 0.06980000000021391,
              "max": 1.8398999999999432,
              "hz": 6053.591987900165,
              "period": 0.16519117938552616,
              "mean": 0.16519117938552616,
              "variance": 0.024554356501814662,
              "sd": 0.1566982976991603,
              "sem": 0.002848118586933794,
              "df": 3026,
              "critical": 1.96,
              "moe": 0.0055823124303902355,
              "p75": 0.1896999999999025,
              "p99": 0.8338999999996304,
              "p995": 1.0979999999999563,
              "p999": 1.6832000000003973,
              "sampleCount": 3027,
              "median": 0.10579999999936263
            },
            {
              "id": "-1903672497_0_6",
              "name": "counter hydrate",
              "rank": 4,
              "rme": 2.5142393562460374,
              "samples": [],
              "totalTime": 500.02380000002086,
              "min": 0.021200000000135333,
              "max": 2.022399999999834,
              "hz": 25336.793968606038,
              "period": 0.03946829268292847,
              "mean": 0.03946829268292847,
              "variance": 0.003247432361317986,
              "sd": 0.056986247124354364,
              "sem": 0.0005062894632002871,
              "df": 12668,
              "critical": 1.96,
              "moe": 0.0009923273478725627,
              "p75": 0.037299999999959255,
              "p99": 0.2088000000003376,
              "p995": 0.33109999999942374,
              "p999": 0.9778999999998632,
              "sampleCount": 12669,
              "median": 0.028400000000146974
            },
            {
              "id": "-1903672497_0_7",
              "name": "table update",
              "rank": 15,
              "rme": 10.175886273494553,
              "samples": [],
              "totalTime": 501.255000000001,
              "min": 2.0880999999999403,
              "max": 12.567199999999502,
              "hz": 239.39910823832133,
              "period": 4.177125000000008,
              "mean": 4.177125000000008,
              "variance": 5.529203398529428,
              "sd": 2.3514258224595195,
              "sem": 0.2146548275435361,
              "df": 119,
              "critical": 1.9802,
              "moe": 0.4250594895017102,
              "p75": 5.588999999999942,
              "p99": 11.352300000000469,
              "p995": 12.567199999999502,
              "p999": 12.567199999999502,
              "sampleCount": 120,
              "median": 2.976400000000467
            },
            {
              "id": "-1903672497_0_8",
              "name": "naive table update",
              "rank": 13,
              "rme": 4.036794253587847,
              "samples": [],